DATE,HNFSEPUSSA,HOUST1F,HSN1F,INTDSRUSM193N,LFACTTTTUSM657S,MSACSR,NA000334Q,NASDAQCOM,PERMIT,PERMIT1,QUSR628BIS,RSAHORUSQ156S,TTLCONS,UNRATE,Median Home Price (NSA),CPI-Adjusted Price,CSUSHPISA
2000-01-01,311.0,1268.0,873.0,5.0,1.49097212809519,4.3,2448892.0,,1727.0,1277.0,95.2517,67.1,784940.0,4.0,131559.13,239289.53,100.552
2000-02-01,299.0,1255.0,856.0,5.24,0.132848798386133,4.3,2448892.0,,1692.0,1241.0,95.2517,67.1,793737.0,4.1,131318.85,237445.83,101.339
2000-03-01,313.0,1313.0,900.0,5.34,-0.0154433649688325,4.3,2448892.0,,1651.0,1253.0,95.2517,67.1,809459.0,4.0,132827.82,238210.25,102.126
2000-04-01,305.0,1275.0,841.0,5.5,0.222559220410857,4.4,2569266.0,,1597.0,1192.0,96.6747,67.3,804766.0,3.8,134096.51,240345.1,102.922
2000-05-01,305.0,1230.0,857.0,5.71,-0.254288936679953,4.4,2569266.0,,1543.0,1182.0,96.6747,67.3,805005.0,4.0,135144.14,241940.32,103.678
2000-06-01,306.0,1202.0,793.0,6.0,0.142568193948928,4.8,2569266.0,,1572.0,1156.0,96.6747,67.3,795411.0,4.0,136537.77,243159.2,104.424
2000-07-01,303.0,1142.0,887.0,6.0,-0.219508945164842,4.1,2577927.0,,1542.0,1152.0,97.9918,67.5,783795.0,4.0,137220.17,243808.8,105.054
2000-08-01,302.0,1231.0,848.0,6.0,0.165872446899732,4.4,2577927.0,,1552.0,1173.0,97.9918,67.5,805341.0,4.1,137623.85,244526.04,105.768
2000-09-01,300.0,1195.0,912.0,6.0,0.0028067417937886,4.0,2577927.0,,1570.0,1189.0,97.9918,67.5,814330.0,3.9,138200.52,244278.37,106.537
2000-10-01,301.0,1235.0,933.0,6.0,0.0729732384681233,4.0,2655636.0,,1577.0,1224.0,99.6765,67.5,816100.0,3.9,138652.25,244654.29,107.382
2000-11-01,305.0,1212.0,880.0,6.0,0.238392393880327,4.2,2655636.0,,1614.0,1208.0,99.6765,67.5,820054.0,3.9,139084.76,245276.49,108.301
2000-12-01,298.0,1226.0,983.0,6.0,0.200053160979841,3.6,2655636.0,,1543.0,1180.0,99.6765,67.5,811516.0,3.9,139507.66,246163.67,109.14
2001-01-01,296.0,1275.0,936.0,5.52,0.385345694180722,3.8,2562488.0,,1699.0,1251.0,101.0949,67.6,814479.0,4.2,140103.56,245662.11,109.846
2001-02-01,296.0,1280.0,963.0,5.0,-0.06884561891516,3.7,2562488.0,,1656.0,1242.0,101.0949,67.6,813647.0,4.2,141016.63,246278.57,110.501
2001-03-01,292.0,1218.0,939.0,4.81,0.155183332057536,3.8,2562488.0,,1659.0,1232.0,101.0949,67.6,828057.0,4.3,142275.7,247913.39,111.109
2001-04-01,294.0,1311.0,909.0,4.28,-0.246657958366916,3.9,2656407.0,,1666.0,1259.0,101.8101,67.8,842392.0,4.4,143515.56,249084.28,111.651
2001-05-01,295.0,1285.0,885.0,3.73,-0.174828827950324,4.0,2656407.0,,1665.0,1240.0,101.8101,67.8,848146.0,4.3,144697.75,250005.47,112.163
2001-06-01,301.0,1295.0,882.0,3.47,0.027212213399573,4.2,2656407.0,,1626.0,1252.0,101.8101,67.8,855730.0,4.5,145899.15,251656.36,112.796
2001-07-01,305.0,1298.0,880.0,3.25,0.207175094344887,4.2,2651366.0,,1598.0,1235.0,103.6132,67.9,850471.0,4.6,146725.72,253794.99,113.491
2001-08-01,308.0,1286.0,866.0,3.16,-0.25756331184652,4.4,2651366.0,,1615.0,1241.0,103.6132,67.9,847465.0,4.9,147273.57,254742.62,114.167
2001-09-01,310.0,1243.0,853.0,2.77,0.49202981491304,4.4,2651366.0,,1565.0,1192.0,103.6132,67.9,837412.0,5.0,147782.96,254476.79,114.812
2001-10-01,308.0,1240.0,871.0,2.02,0.067366257144643,4.3,2711715.0,,1566.0,1185.0,105.6199,67.9,845941.0,5.3,148350.03,256315.79,115.31
2001-11-01,308.0,1244.0,924.0,1.58,0.106880612967256,4.1,2711715.0,,1651.0,1229.0,105.6199,67.9,843911.0,5.5,148321.2,256699.35,115.856
2001-12-01,308.0,1285.0,979.0,1.33,0.0450637825845813,3.8,2711715.0,,1680.0,1251.0,105.6199,67.9,849689.0,5.7,148830.59,258601.36,116.454
2002-01-01,310.0,1318.0,880.0,1.25,-0.292436159523232,4.2,2631119.0,,1665.0,1285.0,107.1622,67.9,858654.0,5.7,149291.93,258817.08,117.143
2002-02-01,313.0,1501.0,948.0,1.25,0.535157037315041,4.0,2631119.0,,1787.0,1401.0,107.1622,67.9,862338.0,5.7,150147.34,259275.24,117.844
2002-03-01,316.0,1292.0,923.0,1.25,-0.1189052422003,4.1,2631119.0,,1691.0,1289.0,107.1622,67.9,844551.0,5.7,151637.09,260383.27,118.687
2002-04-01,324.0,1277.0,936.0,1.25,0.168880337206968,4.3,2721842.0,,1669.0,1285.0,108.7731,67.8,858240.0,5.9,152905.77,261101.48,119.61
2002-05-01,327.0,1402.0,978.0,1.25,0.147175678010019,4.0,2721842.0,,1716.0,1289.0,108.7731,67.8,850935.0,5.8,154558.91,263924.38,120.724
2002-06-01,328.0,1368.0,957.0,1.25,-0.089693524127558,4.2,2721842.0,,1758.0,1314.0,108.7731,67.8,846777.0,5.8,156067.88,266352.96,121.813
2002-07-01,333.0,1323.0,956.0,1.25,-0.0034528479089553,4.2,2751463.0,,1738.0,1307.0,111.0766,67.9,847129.0,5.8,157105.9,267826.74,122.888
2002-08-01,334.0,1247.0,1014.0,1.25,0.142262245947943,4.0,2751463.0,,1695.0,1317.0,111.0766,67.9,839008.0,5.7,157970.92,268407.19,123.831
2002-09-01,333.0,1446.0,1044.0,1.25,0.374459516305884,3.9,2751463.0,,1803.0,1366.0,111.0766,67.9,832134.0,5.7,158653.32,269119.86,124.78
2002-10-01,335.0,1352.0,1006.0,1.25,-0.163515444652083,4.0,2824686.0,,1799.0,1382.0,112.9852,68.2,839690.0,5.7,159354.94,269862.71,125.734
2002-11-01,338.0,1394.0,1024.0,0.83,-0.187869028448739,4.0,2824686.0,,1771.0,1382.0,112.9852,68.2,844697.0,5.9,159729.78,270497.49,126.669
2002-12-01,339.0,1439.0,1048.0,0.75,0.0172365055398129,4.0,2824686.0,,1896.0,1409.0,112.9852,68.2,855921.0,6.0,160383.35,272204.86,127.624
2003-01-01,341.0,1537.0,999.0,2.25,0.600416362207547,4.0,2743734.0,,1808.0,1416.0,114.1108,68.1,863855.0,5.8,160883.13,271850.87,128.461
2003-02-01,341.0,1301.0,936.0,2.25,0.111692031493042,4.5,2743734.0,,1854.0,1357.0,114.1108,68.1,859225.0,5.9,161921.15,271512.85,129.356
2003-03-01,338.0,1399.0,999.0,2.25,-0.053388090349076,4.1,2743734.0,,1757.0,1359.0,114.1108,68.1,851132.0,5.9,163045.67,271765.8,130.148
2003-04-01,340.0,1374.0,1012.0,2.25,0.309542397720891,4.1,2831413.0,,1803.0,1391.0,116.1503,68.2,859459.0,6.0,164583.47,274926.03,130.884
2003-05-01,343.0,1391.0,1078.0,2.25,0.0177505905484932,3.9,2831413.0,,1835.0,1389.0,116.1503,68.2,866814.0,6.1,166198.17,278077.16,131.734
2003-06-01,343.0,1513.0,1193.0,2.0,0.379522184300341,3.5,2831413.0,,1875.0,1461.0,116.1503,68.2,880865.0,6.3,167562.97,280055.46,132.649
2003-07-01,342.0,1535.0,1168.0,2.0,-0.388287455119138,3.6,2886905.0,,1885.0,1478.0,118.9338,68.3,891264.0,6.2,168841.27,281885.04,133.77700000000002
2003-08-01,346.0,1484.0,1206.0,2.0,-0.0273065501587193,3.5,2886905.0,,1966.0,1521.0,118.9338,68.3,901839.0,6.1,169956.18,282670.46,134.969
2003-09-01,350.0,1555.0,1131.0,2.0,0.0580422684284202,3.8,2886905.0,,1961.0,1533.0,118.9338,68.3,911589.0,6.1,170994.19,283475.5,136.29399999999998
2003-10-01,361.0,1631.0,1144.0,2.0,0.126936463522828,3.8,2994399.0,,2012.0,1566.0,122.8156,68.5,925732.0,6.0,171522.81,284659.26,137.532
2003-11-01,366.0,1694.0,1093.0,2.0,0.193571253305706,4.1,2994399.0,,1918.0,1513.0,122.8156,68.5,925985.0,5.8,172262.88,286662.24,138.79399999999998
2003-12-01,370.0,1647.0,1129.0,2.0,-0.184353741496599,4.0,2994399.0,,1987.0,1549.0,122.8156,68.5,948491.0,5.7,173070.23,288318.29,140.18
2004-01-01,374.0,1560.0,1165.0,2.0,0.077012724137696,3.8,2924602.0,,1952.0,1539.0,125.8526,68.7,938525.0,5.7,173589.24,287777.59,141.64600000000002
2004-02-01,372.0,1481.0,1159.0,2.0,-0.0905735416297789,3.7,2924602.0,,1966.0,1564.0,125.8526,68.7,937813.0,5.6,175050.15,288640.96,143.191
2004-03-01,381.0,1632.0,1276.0,2.0,0.160181038654752,3.6,2924602.0,,2066.0,1648.0,125.8526,68.7,961159.0,5.8,176991.63,289973.49,145.058
2004-04-01,383.0,1646.0,1186.0,2.0,-0.0639699477351916,4.0,3032386.0,,2070.0,1617.0,128.9867,69.4,967602.0,5.6,179096.5,292485.54,146.592
2004-05-01,383.0,1652.0,1241.0,2.0,0.146407899216888,3.8,3032386.0,,2150.0,1675.0,128.9867,69.4,974381.0,5.6,181653.1,294935.09,148.185
2004-06-01,383.0,1526.0,1180.0,2.25,0.268588719273791,3.9,3032386.0,,2020.0,1615.0,128.9867,69.4,983087.0,5.6,184123.2,298000.05,149.85
2004-07-01,400.0,1675.0,1088.0,2.25,0.157330801573308,4.5,3069688.0,,2112.0,1620.0,132.912,68.9,1006184.0,5.5,185632.17,300918.18,151.33700000000002
2004-08-01,405.0,1691.0,1175.0,2.5,-0.0866668472225984,4.3,3069688.0,,2056.0,1609.0,132.912,68.9,1013616.0,5.4,186862.41,302752.6,152.63299999999998
2004-09-01,410.0,1555.0,1214.0,2.75,-0.100973137079504,4.1,3069688.0,,2041.0,1586.0,132.912,68.9,1012080.0,5.4,187910.04,303808.68,154.17700000000002
2004-10-01,413.0,1660.0,1305.0,2.75,0.256418953295119,3.9,3190521.0,,2097.0,1593.0,137.1075,69.1,1015719.0,5.5,188736.61,303546.6,155.75
2004-11-01,418.0,1458.0,1179.0,3.0,0.24967352986948,4.3,3190521.0,,2079.0,1572.0,137.1075,69.1,1022994.0,5.4,189784.24,305071.71,157.526
2004-12-01,422.0,1714.0,1242.0,3.25,-0.0695185000202481,4.1,3190521.0,,2082.0,1613.0,137.1075,69.1,1037480.0,5.4,190687.7,307651.51,159.329
2005-01-01,441.0,1739.0,1203.0,3.25,-0.0202621927745021,4.4,3111329.0,,2139.0,1654.0,141.8567,69.2,1046082.0,5.3,191331.65,308042.95,161.287
2005-02-01,446.0,1792.0,1319.0,3.5,0.22630700741071,4.3,3111329.0,,2114.0,1630.0,141.8567,69.2,1066848.0,5.4,193013.62,308968.72,163.343
2005-03-01,445.0,1583.0,1328.0,3.75,0.0181984848076353,4.1,3111329.0,,2062.0,1580.0,141.8567,69.2,1071745.0,5.2,195685.56,310815.08,165.812
2005-04-01,445.0,1658.0,1260.0,3.75,0.360533994649271,4.3,3232051.0,,2150.0,1654.0,145.5245,68.7,1081012.0,5.2,198242.16,312772.34,167.50099999999998
2005-05-01,450.0,1714.0,1286.0,4.0,0.224943931885634,4.2,3232051.0,,2085.0,1644.0,145.5245,68.7,1093341.0,5.1,200885.26,317268.51,169.35
2005-06-01,455.0,1719.0,1274.0,4.25,-0.015409249569546,4.3,3232051.0,,2178.0,1683.0,145.5245,68.7,1105896.0,5.0,203297.69,320913.5,171.19
2005-07-01,464.0,1724.0,1389.0,4.25,0.129993701336121,4.2,3306451.0,,2203.0,1722.0,148.7674,68.7,1119101.0,5.0,205306.45,322591.7,172.859
2005-08-01,476.0,1728.0,1255.0,4.5,0.232212645216553,4.5,3306451.0,,2219.0,1716.0,148.7674,68.7,1129163.0,4.9,206680.86,323097.75,174.44299999999998
2005-09-01,487.0,1789.0,1244.0,4.75,0.116838809178857,4.7,3306451.0,,2263.0,1798.0,148.7674,68.7,1148438.0,5.0,207978.38,321201.06,176.437
2005-10-01,490.0,1740.0,1336.0,4.75,0.0313429451698521,4.5,3389367.0,,2170.0,1742.0,152.1098,68.9,1160831.0,5.0,208516.61,321385.65,178.02599999999998
2005-11-01,502.0,1808.0,1214.0,5.0,0.0426663822241185,5.0,3389367.0,,2218.0,1730.0,152.1098,68.9,1172090.0,5.0,209035.62,324794.38,179.68
2005-12-01,511.0,1628.0,1239.0,5.25,-0.0233232266018059,4.9,3389367.0,,2120.0,1661.0,152.1098,68.9,1184677.0,4.9,209410.46,326699.47,180.909
2006-01-01,523.0,1823.0,1174.0,5.5,0.122642138239019,5.3,3333266.0,,2212.0,1689.0,154.1062,68.6,1195642.0,4.7,209910.25,325002.04,182.32
2006-02-01,539.0,1804.0,1061.0,5.5,0.284261120800991,6.1,3333266.0,,2141.0,1643.0,154.1062,68.6,1205639.0,4.8,210775.26,325684.37,183.287
2006-03-01,552.0,1601.0,1116.0,5.75,0.114178742838935,5.9,3333266.0,,2118.0,1551.0,154.1062,68.6,1205169.0,4.7,212447.62,326461.18,184.364
2006-04-01,565.0,1511.0,1123.0,5.75,0.0450889512177332,6.3,3460990.0,,1998.0,1496.0,150.47899999999998,68.8,1193296.0,4.7,213783.59,325742.53,184.328
2006-05-01,565.0,1570.0,1086.0,6.0,0.124601507148017,6.2,3460990.0,,1905.0,1450.0,150.47899999999998,68.8,1180581.0,4.6,215494.4,326727.82,184.155
2006-06-01,566.0,1451.0,1074.0,6.25,0.188655515029556,6.3,3460990.0,,1867.0,1393.0,150.47899999999998,68.8,1172128.0,4.6,216253.69,327232.65,183.506
2006-07-01,572.0,1424.0,965.0,6.25,0.0151961626385824,7.3,3463694.0,,1763.0,1307.0,148.4946,68.9,1157926.0,4.7,216013.41,325905.32,183.066
2006-08-01,566.0,1364.0,1035.0,6.25,0.223944192314552,6.7,3463694.0,,1722.0,1282.0,148.4946,68.9,1145907.0,4.7,216455.52,325931.69,182.595
2006-09-01,559.0,1384.0,1016.0,6.25,-0.0355928181602468,6.7,3463694.0,,1655.0,1218.0,148.4946,68.9,1135753.0,4.5,215696.23,326389.11,182.798
2006-10-01,554.0,1212.0,941.0,6.25,0.249897799053158,7.3,3557633.0,,1570.0,1175.0,149.7652,68.8,1122914.0,4.4,215282.95,327539.46,183.197
2006-11-01,543.0,1290.0,1003.0,6.25,0.240066824080347,6.6,3557633.0,,1535.0,1163.0,149.7652,68.8,1121749.0,4.5,215004.22,327602.41,183.608
2006-12-01,536.0,1249.0,998.0,6.25,0.213902339802895,6.5,3557633.0,,1638.0,1198.0,149.7652,68.8,1135406.0,4.4,214062.32,325682.35,184.138
2007-01-01,538.0,1130.0,891.0,6.25,0.2697535552471,7.2,3482006.0,,1626.0,1174.0,146.8124,68.5,1137917.0,4.6,213918.15,324472.54,184.515
2007-02-01,544.0,1189.0,828.0,6.25,-0.105129812464086,7.9,3482006.0,,1598.0,1136.0,146.8124,68.5,1139032.0,4.5,214590.94,323760.79,184.597
2007-03-01,545.0,1202.0,833.0,6.25,0.0444493832648072,7.9,3482006.0,,1596.0,1147.0,146.8124,68.5,1146624.0,4.4,216263.3,323339.71,184.149
2007-04-01,548.0,1197.0,887.0,6.25,-0.402480219011963,7.4,3613882.0,,1470.0,1058.0,139.7559,68.3,1150590.0,4.5,217387.82,322923.24,183.009
2007-05-01,545.0,1130.0,842.0,6.25,0.154164069931446,7.8,3613882.0,,1493.0,1042.0,139.7559,68.3,1161581.0,4.4,217647.32,321345.07,181.6
2007-06-01,542.0,1131.0,793.0,6.25,0.243007794589638,8.2,3613882.0,,1407.0,995.0,139.7559,68.3,1163511.0,4.6,217599.27,320652.71,180.253
2007-07-01,537.0,1042.0,778.0,6.25,0.0084944557340843,8.3,3637993.0,,1361.0,978.0,135.4611,68.0,1155448.0,4.7,216397.86,318963.46,179.109
2007-08-01,533.0,957.0,699.0,5.75,-0.199276072497289,9.2,3637993.0,,1321.0,916.0,135.4611,68.0,1159077.0,4.6,215244.5,317846.34,178.116
2007-09-01,527.0,935.0,686.0,5.25,0.435354732273206,9.2,3637993.0,,1261.0,855.0,135.4611,68.0,1158580.0,4.7,213552.92,314481.74,177.55599999999998
2007-10-01,514.0,878.0,727.0,5.0,-0.150572959443076,8.5,3740350.0,,1192.0,821.0,130.1909,67.8,1152491.0,4.7,211198.16,310350.19,176.623
2007-11-01,503.0,833.0,641.0,5.0,0.425634698367312,9.4,3740350.0,,1224.0,795.0,130.1909,67.8,1132908.0,4.7,208833.78,305063.83,175.146
2007-12-01,497.0,805.0,619.0,4.75,0.0539539116585952,9.6,3740350.0,,1149.0,742.0,130.1909,67.8,1115141.0,5.0,206642.41,302065.32,174.34099999999998
2008-01-01,487.0,773.0,627.0,3.5,0.0942060057952936,9.3,3657487.0,,1094.0,708.0,123.6983,67.9,1111347.0,5.0,204018.53,296754.75,173.13099999999997
2008-02-01,477.0,724.0,593.0,3.5,-0.266124896957738,9.7,3657487.0,,1014.0,664.0,123.6983,67.9,1096648.0,4.9,203307.3,294863.92,171.53900000000002
2008-03-01,470.0,728.0,535.0,2.5,0.165958360721886,10.5,3657487.0,,967.0,642.0,123.6983,67.9,1103446.0,5.1,202240.45,290795.94,170.051
2008-04-01,458.0,682.0,536.0,2.25,-0.0903136938950542,10.3,3715835.0,,1008.0,661.0,115.548,68.1,1101252.0,5.0,201212.04,287573.15,168.33599999999998
2008-05-01,451.0,679.0,504.0,2.25,0.347274157990232,10.7,3715835.0,,995.0,633.0,115.548,68.1,1101547.0,5.4,200366.25,283973.04,166.657
2008-06-01,435.0,647.0,487.0,2.25,0.006480755396849,10.7,3715835.0,,1180.0,605.0,115.548,68.1,1090098.0,5.6,199904.91,280492.68,165.016
2008-07-01,419.0,615.0,477.0,2.25,0.101093232585719,10.5,3698182.0,,921.0,571.0,109.1419,67.7,1086952.0,5.8,197953.82,276304.17,163.564
2008-08-01,409.0,607.0,435.0,2.25,0.111349202752656,11.3,3698182.0,,858.0,543.0,109.1419,67.7,1070075.0,6.1,195627.89,274151.92,161.987
2008-09-01,395.0,537.0,433.0,2.25,-0.0459127915623929,10.9,3698182.0,,797.0,529.0,109.1419,67.7,1059579.0,6.1,193042.46,270903.38,160.306
2008-10-01,381.0,542.0,393.0,1.25,0.197968557934916,11.6,3698360.0,,736.0,469.0,106.5318,67.5,1055959.0,6.5,190947.2,270697.43,158.326
2008-11-01,371.0,459.0,389.0,1.25,-0.15302564632351,11.4,3698360.0,,626.0,420.0,106.5318,67.5,1035033.0,6.8,186795.13,269982.17,156.141
2008-12-01,353.0,403.0,377.0,0.5,0.0103466783929022,11.2,3698360.0,,554.0,364.0,106.5318,67.5,999139.0,7.3,185065.1,270277.02,153.618
2009-01-01,341.0,358.0,336.0,0.5,-0.287737221557661,12.2,3522117.0,,545.0,337.0,103.964,67.4,975099.0,7.8,185670.61,269986.24,151.507
2009-02-01,326.0,358.0,372.0,0.5,0.212696971662019,10.5,3522117.0,,558.0,377.0,103.964,67.4,971708.0,8.3,186353.01,269637.64,150.015
2009-03-01,311.0,353.0,339.0,0.5,-0.262071464623588,11.0,3522117.0,,513.0,361.0,103.964,67.4,963793.0,8.7,184795.98,266736.11,148.66
2009-04-01,300.0,387.0,337.0,0.5,0.243945164241272,10.7,3598010.0,,521.0,391.0,102.9079,67.4,932482.0,9.0,184949.76,266293.31,147.947
2009-05-01,291.0,408.0,376.0,0.5,0.154036334453009,9.3,3598010.0,,556.0,431.0,102.9079,67.4,920020.0,9.4,186314.57,267485.68,147.692
2009-06-01,280.0,482.0,393.0,0.5,-0.0200326985337357,8.5,3598010.0,,601.0,458.0,102.9079,67.4,912530.0,9.5,187121.91,266356.77,148.088
2009-07-01,270.0,509.0,411.0,0.5,-0.138317950308953,7.9,3623204.0,,595.0,489.0,102.4816,67.4,911438.0,9.5,186429.9,265793.18,148.407
2009-08-01,261.0,487.0,418.0,0.5,-0.12621195842125,7.5,3623204.0,,616.0,491.0,102.4816,67.4,900112.0,9.6,185805.17,264309.69,148.27700000000002
2009-09-01,252.0,510.0,386.0,0.5,-0.311068195221215,7.8,3623204.0,,609.0,477.0,102.4816,67.4,887241.0,9.8,184728.71,262614.16,148.024
2009-10-01,243.0,476.0,396.0,0.5,-0.0279534802082859,7.4,3734738.0,,583.0,472.0,102.8661,67.2,871391.0,10.0,184603.76,262184.02,147.85
2009-11-01,237.0,497.0,375.0,0.5,0.0611246943765281,7.6,3734738.0,,623.0,483.0,102.8661,67.2,858493.0,9.9,184430.76,261753.06,148.135
2009-12-01,234.0,484.0,352.0,0.5,-0.498446821507948,8.0,3734738.0,,664.0,508.0,102.8661,67.2,842609.0,9.9,181355.15,257842.11,147.928
2010-01-01,233.0,510.0,345.0,0.5,0.243614110024753,8.1,3602418.0,,636.0,504.0,101.5074,67.2,822114.0,9.8,180394.02,255602.11,147.39600000000002
2010-02-01,231.0,526.0,336.0,0.75,0.136822079174376,8.3,3602418.0,,650.0,510.0,101.5074,67.2,814885.0,9.8,179961.51,254925.75,145.631
2010-03-01,227.0,542.0,381.0,0.75,0.169167306466095,7.1,3602418.0,,687.0,536.0,101.5074,67.2,821849.0,9.9,180480.52,254615.44,145.858
2010-04-01,217.0,566.0,422.0,0.75,0.433895839016849,6.2,3755370.0,,637.0,476.0,101.4267,66.9,829664.0,9.9,182200.94,256596.86,146.403
2010-05-01,216.0,457.0,280.0,0.75,-0.343418142308339,9.3,3755370.0,,575.0,435.0,101.4267,66.9,823447.0,9.6,183786.8,258629.77,146.394
2010-06-01,212.0,445.0,305.0,0.75,-0.308259405156693,8.3,3755370.0,,587.0,425.0,101.4267,66.9,821943.0,9.4,182864.12,257582.82,145.72
2010-07-01,209.0,426.0,283.0,0.75,0.048823039266743,8.9,3793867.0,,579.0,411.0,99.1049,66.7,799694.0,9.4,181710.77,255904.2,144.989
2010-08-01,206.0,417.0,282.0,0.75,0.257009193771919,8.8,3793867.0,,580.0,402.0,99.1049,66.7,802030.0,9.5,180961.09,254497.05,143.914
2010-09-01,201.0,449.0,317.0,0.75,-0.0720376932362447,7.6,3793867.0,,563.0,404.0,99.1049,66.7,807728.0,9.5,178404.49,250755.67,143.017
2010-10-01,199.0,438.0,291.0,0.75,-0.220815067381068,8.2,3897315.0,,558.0,408.0,97.9769,66.5,801372.0,9.4,178116.15,250039.04,142.528
2010-11-01,195.0,452.0,287.0,0.75,0.318937742050965,8.2,3897315.0,,560.0,418.0,97.9769,66.5,804151.0,9.8,176914.74,248248.08,142.16899999999998
2010-12-01,190.0,429.0,326.0,0.75,-0.308191403081914,7.0,3897315.0,,632.0,447.0,97.9769,66.5,789395.0,9.3,174137.08,243931.27,142.056
2011-01-01,187.0,430.0,307.0,0.75,-0.251871135698015,7.3,3764835.0,,576.0,420.0,95.0814,66.5,759964.0,9.1,172089.88,239920.75,141.518
2011-02-01,183.0,391.0,270.0,0.75,-0.0319711867835029,8.1,3764835.0,,542.0,379.0,95.0814,66.5,758376.0,9.0,170773.13,236916.67,140.345
2011-03-01,179.0,429.0,300.0,0.75,0.105734462908089,7.2,3764835.0,,583.0,399.0,95.0814,66.5,769157.0,9.0,169744.73,233215.85,139.977
2011-04-01,173.0,415.0,310.0,0.75,0.10888274567077,6.7,3893028.0,,581.0,403.0,94.0411,66.0,769437.0,9.1,171618.93,234282.21,140.00799999999998
2011-05-01,168.0,414.0,305.0,0.75,-0.0416821346463206,6.6,3893028.0,,618.0,411.0,94.0411,66.0,775251.0,9.0,172897.23,234922.13,139.904
2011-06-01,166.0,435.0,301.0,0.75,-0.0866568064686374,6.6,3893028.0,,636.0,413.0,94.0411,66.0,794839.0,9.1,174377.36,237187.26,139.861
2011-07-01,166.0,432.0,296.0,0.75,-0.037822962450928,6.7,3927583.0,,621.0,416.0,93.9779,66.1,792381.0,9.0,174723.37,237447.51,139.73
2011-08-01,162.0,422.0,299.0,0.75,0.307917123323417,6.5,3927583.0,,647.0,428.0,93.9779,66.1,811953.0,9.0,173589.24,235257.5,139.308
2011-09-01,160.0,418.0,304.0,0.75,0.241285119667014,6.3,3927583.0,,610.0,425.0,93.9779,66.1,813660.0,9.0,173752.63,235121.91,138.667
2011-10-01,158.0,439.0,316.0,0.75,-0.110295787349722,6.0,4014288.0,,671.0,439.0,94.0244,65.9,808378.0,8.8,172118.71,233392.3,137.951
2011-11-01,155.0,465.0,328.0,0.75,0.108469027870695,5.7,4014288.0,,706.0,449.0,94.0244,65.9,812050.0,8.6,172243.66,233758.93,137.15
2011-12-01,151.0,522.0,341.0,0.75,-0.0862919132149901,5.3,4014288.0,,697.0,458.0,94.0244,65.9,821367.0,8.5,171388.26,233173.15,136.673
2012-01-01,149.0,518.0,335.0,0.75,0.250657488879509,5.3,3960259.0,,712.0,462.0,94.0803,65.6,830610.0,8.3,169552.5,229665.04,136.606
2012-02-01,147.0,466.0,366.0,0.75,0.187846950078054,4.8,3960259.0,,738.0,493.0,94.0803,65.6,824368.0,8.3,170071.51,229358.2,136.531
2012-03-01,145.0,472.0,354.0,0.75,0.050429621583878,4.9,3960259.0,,806.0,482.0,94.0803,65.6,829288.0,8.2,172685.78,231128.48,137.90200000000002
2012-04-01,144.0,504.0,354.0,0.75,-0.131826376907121,4.9,4047165.0,,732.0,485.0,95.7817,65.6,841740.0,8.2,175059.76,233600.18,139.15200000000002
2012-05-01,144.0,518.0,370.0,0.75,0.207706493254392,4.7,4047165.0,,796.0,494.0,95.7817,65.6,850928.0,8.2,177866.26,237624.03,140.154
2012-06-01,145.0,524.0,360.0,0.75,0.14012113698294,4.8,4047165.0,,794.0,501.0,95.7817,65.6,858009.0,8.2,179721.23,240454.82,141.03
2012-07-01,142.0,517.0,369.0,0.75,-0.0870501602367764,4.6,4086346.0,,849.0,522.0,97.4279,65.4,858934.0,8.2,180096.07,241349.68,141.67
2012-08-01,143.0,536.0,375.0,0.75,-0.119394893770813,4.6,4086346.0,,840.0,517.0,97.4279,65.4,862726.0,8.1,180509.36,240564.75,142.28
2012-09-01,144.0,594.0,385.0,0.75,0.256521261541841,4.5,4086346.0,,930.0,562.0,97.4279,65.4,866588.0,7.8,180278.69,239190.02,142.907
2012-10-01,147.0,611.0,358.0,0.75,0.253931425625161,4.9,4160201.0,,887.0,568.0,99.5283,65.3,875366.0,7.8,180269.07,239270.32,143.59799999999998
2012-11-01,150.0,569.0,392.0,0.75,-0.138858531442457,4.6,4160201.0,,917.0,568.0,99.5283,65.3,872052.0,7.7,180509.36,240729.85,144.582
2012-12-01,150.0,615.0,399.0,0.75,0.186689670267417,4.5,4160201.0,,941.0,582.0,99.5283,65.3,871809.0,7.9,179932.68,240608.76,145.499
2013-01-01,149.0,604.0,446.0,0.75,0.0867453157529494,4.0,4074333.0,,940.0,590.0,101.4175,65.2,862722.0,8.0,180086.46,240104.33,146.82399999999998
2013-02-01,152.0,651.0,447.0,0.75,-0.289542445895367,4.1,4074333.0,,980.0,612.0,101.4175,65.2,873583.0,7.7,181335.93,239806.2,147.781
2013-03-01,155.0,624.0,444.0,0.75,-0.197666632327187,4.2,4074333.0,,936.0,610.0,101.4175,65.2,864510.0,7.5,184651.82,243554.49,149.961
2013-04-01,161.0,587.0,441.0,0.75,0.250959646463017,4.4,4184244.0,,1012.0,620.0,103.5064,65.1,879728.0,7.6,187083.47,247018.63,151.518
2013-05-01,163.0,608.0,428.0,0.75,0.0913806195863418,4.6,4184244.0,,1003.0,623.0,103.5064,65.1,888752.0,7.5,190495.47,251076.7,152.85
2013-06-01,161.0,614.0,470.0,0.75,0.136945787470425,4.1,4184244.0,,942.0,628.0,103.5064,65.1,899295.0,7.5,192907.9,253647.65,154.202
2013-07-01,171.0,593.0,375.0,0.75,-0.096308804550912,5.5,4259404.0,,997.0,619.0,105.6859,65.2,917756.0,7.3,193917.08,254874.16,155.607
2013-08-01,175.0,631.0,381.0,0.75,0.00385606591302,5.5,4259404.0,,964.0,635.0,105.6859,65.2,929061.0,7.2,193446.13,253949.69,156.963
2013-09-01,183.0,577.0,403.0,0.75,0.0526975354262395,5.4,4259404.0,,1004.0,625.0,105.6859,65.2,938121.0,7.2,193407.69,253604.28,158.225
2013-10-01,183.0,595.0,444.0,0.75,-0.651306788620758,4.9,4362704.0,,1044.0,623.0,108.0429,65.1,951214.0,7.2,192907.9,253602.04,159.24
2013-11-01,184.0,699.0,446.0,0.75,0.382742948025835,5.0,4362704.0,,1029.0,642.0,108.0429,65.1,964122.0,6.9,192302.39,253323.41,160.07299999999998
2013-12-01,186.0,647.0,433.0,0.75,-0.0534569928831353,5.2,4362704.0,,1005.0,602.0,108.0429,65.1,979211.0,6.7,192023.66,252977.94,160.993
2014-01-01,189.0,567.0,443.0,0.75,0.109548787874882,5.1,4220258.0,,976.0,615.0,108.6048,64.9,986587.0,6.6,191619.99,251510.45,161.924
2014-02-01,187.0,594.0,420.0,0.75,0.0843246305165044,5.3,4220258.0,,1039.0,609.0,108.6048,64.9,987538.0,6.7,192619.56,251890.97,162.523
2014-03-01,190.0,652.0,405.0,0.75,0.350520635696507,5.6,4220258.0,,1067.0,623.0,108.6048,64.9,991157.0,6.7,194964.71,253326.32,163.084
2014-04-01,190.0,646.0,403.0,0.75,-0.422360089214756,5.7,4376828.0,,1090.0,620.0,108.051,64.8,1006901.0,6.2,197088.81,255244.77,163.39
2014-05-01,194.0,652.0,451.0,0.75,0.202743146959818,5.2,4376828.0,,1018.0,627.0,108.051,64.8,1007147.0,6.3,199395.51,257333.36,163.656
2014-06-01,199.0,603.0,418.0,0.75,0.0147735155828473,5.7,4376828.0,,1010.0,649.0,108.051,64.8,1006424.0,6.1,201644.55,259752.2,164.067
2014-07-01,207.0,656.0,402.0,0.75,0.192669565273238,6.2,4465484.0,,1076.0,648.0,109.3555,64.3,1014935.0,6.2,202355.78,260770.14,164.58700000000002
2014-08-01,207.0,644.0,456.0,0.75,0.0788426160364599,5.4,4465484.0,,1047.0,650.0,109.3555,64.3,1015096.0,6.1,201971.33,260710.23,165.21200000000002
2014-09-01,210.0,664.0,470.0,0.75,-0.0576442707999744,5.4,4465484.0,,1077.0,662.0,109.3555,64.3,1021890.0,5.9,201096.71,259386.04,165.903
2014-10-01,209.0,699.0,476.0,0.75,0.241604716739298,5.3,4545567.0,,1094.0,647.0,111.9284,63.9,1046402.0,5.7,201087.1,260026.9,166.639
2014-11-01,211.0,658.0,442.0,0.75,0.0492273857700889,5.7,4545567.0,,1059.0,658.0,111.9284,63.9,1044893.0,5.8,201336.99,261763.41,167.332
2014-12-01,210.0,720.0,497.0,0.75,-0.103518345751275,5.1,4545567.0,,1072.0,670.0,111.9284,63.9,1056429.0,5.6,201308.15,263218.39,168.047
2015-01-01,207.0,703.0,515.0,0.75,0.446485684312873,4.8,4411435.0,,1049.0,662.0,113.9538,63.8,1061241.0,5.7,200395.08,263263.4,168.627
2015-02-01,203.0,584.0,540.0,0.75,-0.24581290199325,4.5,4411435.0,,1127.0,628.0,113.9538,63.8,1072895.0,5.5,202250.06,264551.37,169.12400000000002
2015-03-01,204.0,627.0,480.0,0.75,-0.0006383902351829,5.1,4411435.0,,1072.0,658.0,113.9538,63.8,1086748.0,5.4,204902.77,266435.47,169.795
2015-04-01,206.0,742.0,502.0,0.75,0.26621042753267,4.9,4580499.0,,1166.0,679.0,113.919,63.5,1115619.0,5.4,207065.31,268701.19,170.293
2015-05-01,211.0,708.0,502.0,0.75,0.376289316184898,5.0,4580499.0,,1272.0,701.0,113.919,63.5,1135433.0,5.6,210092.86,271247.33,170.87599999999998
2015-06-01,216.0,700.0,480.0,0.75,-0.373610062733506,5.4,4580499.0,,1379.0,706.0,113.919,63.5,1158193.0,5.3,212092.01,272872.56,171.477
2015-07-01,218.0,759.0,506.0,0.75,-0.0413849307916619,5.2,4625898.0,,1140.0,700.0,115.2346,63.6,1154561.0,5.2,212880.13,273868.17,172.148
2015-08-01,217.0,734.0,518.0,0.75,0.111467098097416,5.0,4625898.0,,1165.0,718.0,115.2346,63.6,1164377.0,5.1,212188.12,273365.07,172.93099999999998
2015-09-01,224.0,746.0,456.0,0.75,-0.279311836713918,5.9,4625898.0,,1144.0,711.0,115.2346,63.6,1163937.0,5.0,212043.95,273605.27,173.824
2015-10-01,226.0,705.0,482.0,0.75,0.276904034249328,5.6,4677188.0,,1160.0,721.0,117.4541,63.7,1151533.0,5.0,212111.23,273815.21,174.78900000000002
2015-11-01,229.0,774.0,504.0,0.75,0.188334701304981,5.5,4677188.0,,1244.0,730.0,117.4541,63.7,1145510.0,5.1,212351.51,274705.21,175.735
2015-12-01,232.0,765.0,546.0,1.0,0.36325994043045,5.1,4677188.0,,1211.0,719.0,117.4541,63.7,1156354.0,5.0,212082.39,275297.78,176.537
2016-01-01,236.0,752.0,505.0,1.0,0.155028949283387,5.6,4521822.0,,1171.0,720.0,118.7932,63.5,1160988.0,4.8,211938.23,274656.62,177.262
2016-02-01,239.0,859.0,517.0,1.0,0.227445034116755,5.5,4521822.0,,1172.0,723.0,118.7932,63.5,1172851.0,4.9,212620.63,275314.35,177.641
2016-03-01,242.0,753.0,532.0,1.0,0.339762985375693,5.5,4521822.0,,1118.0,737.0,118.7932,63.5,1188776.0,5.0,216292.13,278867.63,178.15599999999998
2016-04-01,242.0,777.0,576.0,1.0,-0.0238724957437853,5.0,4690281.0,,1160.0,753.0,118.744,63.1,1185902.0,5.1,218771.84,280733.77,178.759
2016-05-01,241.0,753.0,571.0,1.0,-0.224329368296039,5.1,4690281.0,,1205.0,748.0,118.744,63.1,1190685.0,4.8,221501.44,283091.14,179.42
2016-06-01,244.0,769.0,557.0,1.0,0.115250906892382,5.3,4690281.0,,1208.0,752.0,118.744,63.1,1217604.0,4.9,223712.04,284980.43,180.09
2016-07-01,238.0,769.0,628.0,1.0,0.142796932696723,4.5,4746661.0,,1198.0,720.0,119.9965,63.4,1214532.0,4.8,224634.72,286619.59,180.85
2016-08-01,240.0,734.0,575.0,1.0,0.231164491124037,5.0,4746661.0,,1201.0,751.0,119.9965,63.4,1221250.0,4.9,224567.44,286270.83,181.84
2016-09-01,243.0,777.0,558.0,1.0,0.0952607763753274,5.2,4746661.0,,1303.0,752.0,119.9965,63.4,1232438.0,5.0,224625.11,285657.62,182.813
2016-10-01,249.0,859.0,575.0,1.0,-0.0682469914973014,5.2,4840483.0,,1254.0,769.0,121.6026,63.5,1241100.0,4.9,224644.33,285326.34,183.743
2016-11-01,248.0,817.0,571.0,1.0,-0.0620281319507534,5.2,4840483.0,,1230.0,770.0,121.6026,63.5,1264881.0,4.7,224836.56,286015.38,184.753
2016-12-01,254.0,801.0,561.0,1.25,0.107832934184294,5.4,4840483.0,,1248.0,809.0,121.6026,63.5,1270443.0,4.7,224999.95,286129.57,185.716
2017-01-01,257.0,785.0,573.0,1.25,-0.0363231002392314,5.4,4674704.0,,1303.0,790.0,122.2671,63.6,1254583.0,4.7,224221.43,283487.45,186.796
2017-02-01,261.0,864.0,587.0,1.25,0.149730610199223,5.3,4674704.0,,1234.0,811.0,122.2671,63.6,1275911.0,4.6,226153.3,285033.2,187.314
2017-03-01,265.0,836.0,632.0,1.5,0.173903252241037,5.0,4674704.0,,1272.0,826.0,122.2671,63.6,1272724.0,4.4,229574.91,289110.65,187.991
2017-04-01,268.0,825.0,598.0,1.5,0.129888782729788,5.4,4889678.0,,1251.0,793.0,123.3331,63.9,1269079.0,4.4,232708.19,292189.99,188.721
2017-05-01,271.0,832.0,635.0,1.5,-0.172752502416664,5.1,4889678.0,,1208.0,795.0,123.3331,63.9,1282926.0,4.4,235533.91,295485.42,189.61
2017-06-01,274.0,867.0,619.0,1.75,0.0774670764924907,5.3,4889678.0,,1353.0,822.0,123.3331,63.9,1277352.0,4.3,237206.27,297313.76,190.519
2017-07-01,277.0,841.0,572.0,1.75,0.16854774270875,5.8,4958224.0,,1256.0,818.0,124.7244,63.9,1275888.0,4.3,238244.28,298820.96,191.465
2017-08-01,281.0,867.0,556.0,1.75,0.0772768630579202,6.1,4958224.0,,1319.0,816.0,124.7244,63.9,1274974.0,4.4,238820.96,298649.98,192.649
2017-09-01,282.0,839.0,637.0,1.75,0.344986486991394,5.3,4958224.0,,1273.0,830.0,124.7244,63.9,1281172.0,4.3,238676.79,296897.65,193.745
2017-10-01,286.0,878.0,626.0,1.75,-0.515700632989947,5.5,5089495.0,,1356.0,852.0,126.2394,64.0,1283266.0,4.2,238465.34,296822.22,194.792
2017-11-01,287.0,924.0,711.0,1.75,0.168424729740688,4.8,5089495.0,,1299.0,859.0,126.2394,64.0,1308896.0,4.2,239272.69,297819.9,195.945
2017-12-01,293.0,824.0,630.0,2.0,-0.0274008431986748,5.6,5089495.0,,1311.0,862.0,126.2394,64.0,1313666.0,4.1,238840.18,297456.41,197.164
2018-01-01,293.0,872.0,590.0,2.0,0.236085588812408,6.0,4962408.0,,1317.0,856.0,127.0825,64.2,1336469.0,4.0,239839.76,297082.88,198.301
2018-02-01,296.0,894.0,618.0,2.0,0.536932771542563,5.7,4962408.0,,1321.0,865.0,127.0825,64.2,1355105.0,4.1,242454.02,298965.38,199.228
2018-03-01,297.0,875.0,679.0,2.25,-0.0568680537526734,5.2,4962408.0,,1385.0,847.0,127.0825,64.2,1344968.0,4.0,245375.85,301885.63,199.967
2018-04-01,300.0,908.0,642.0,2.25,0.0525710327424762,5.6,5161541.0,,1378.0,865.0,127.2182,64.5,1355101.0,4.0,247471.11,303257.94,200.662
2018-05-01,301.0,970.0,662.0,2.25,0.0475981479993324,5.5,5161541.0,,1338.0,859.0,127.2182,64.5,1362364.0,3.8,250296.82,305450.31,201.427
2018-06-01,310.0,866.0,636.0,2.5,0.223666650190302,5.8,5161541.0,,1345.0,864.0,127.2182,64.5,1343214.0,4.0,251988.41,307025.28,202.241
2018-07-01,313.0,869.0,628.0,2.5,0.0807595092780963,6.0,5221627.0,,1334.0,884.0,128.0547,64.4,1336631.0,3.8,252776.53,307964.76,202.912
2018-08-01,319.0,900.0,593.0,2.5,-0.419487375339563,6.5,5221627.0,,1273.0,840.0,128.0547,64.4,1340449.0,3.8,253064.87,308144.86,203.661
2018-09-01,325.0,875.0,595.0,2.75,0.264134603488804,6.6,5221627.0,,1314.0,858.0,128.0547,64.4,1326111.0,3.7,252411.3,306992.31,204.322
2018-10-01,331.0,872.0,554.0,2.75,0.317730601467113,7.2,5310940.0,,1272.0,849.0,129.2362,64.6,1310946.0,3.8,252084.52,306054.14,205.08900000000003
2018-11-01,334.0,781.0,625.0,2.75,0.143909669007761,6.4,5310940.0,,1340.0,845.0,129.2362,64.6,1300694.0,3.8,252699.64,307831.99,205.661
2018-12-01,346.0,775.0,546.0,3.0,0.227222481515144,7.6,5310940.0,,1317.0,812.0,129.2362,64.6,1289930.0,3.9,251882.68,307819.96,206.148
2019-01-01,346.0,917.0,595.0,3.0,-0.148891584868203,7.0,5140051.0,,1261.0,799.0,129.7697,64.2,1296049.0,4.0,252651.59,308172.07,206.539
2019-02-01,340.0,778.0,648.0,3.0,0.0220909040702491,6.3,5140051.0,,1287.0,796.0,129.7697,64.2,1312040.0,3.8,254295.11,308871.14,206.864
2019-03-01,337.0,837.0,718.0,3.0,-0.0582825661507126,5.6,5140051.0,,1305.0,811.0,129.7697,64.2,1322532.0,3.8,257216.94,310667.45,207.086
2019-04-01,333.0,874.0,702.0,3.0,-0.195206993075676,5.7,5376189.0,,1311.0,796.0,129.4871,64.3,1353657.0,3.7,260042.66,312426.07,207.537
2019-05-01,336.0,844.0,618.0,3.0,0.101484752684733,6.5,5376189.0,,1347.0,833.0,129.4871,64.3,1364421.0,3.6,262887.59,315173.16,208.151
2019-06-01,331.0,879.0,729.0,3.0,0.256219623842557,5.4,5376189.0,,1315.0,848.0,129.4871,64.3,1383309.0,3.6,264204.34,316688.73,208.643
2019-07-01,328.0,888.0,648.0,3.0,0.25862914296921,6.1,5441019.0,8091.16,1352.0,863.0,130.6615,64.7,1410749.0,3.7,265002.07,317115.05,209.249
2019-08-01,326.0,909.0,712.0,2.75,0.112476312733052,5.5,5441019.0,8111.12,1489.0,905.0,130.6615,64.7,1426091.0,3.6,265069.35,317211.63,210.029
2019-09-01,323.0,928.0,712.0,2.5,0.19417001477646,5.4,5441019.0,,1474.0,905.0,130.6615,64.7,1438119.0,3.5,265569.14,317560.95,210.85
2019-10-01,320.0,891.0,722.0,2.25,0.197450210857324,5.3,5564137.0,7908.68,1525.0,934.0,132.3183,65.0,1442150.0,3.6,265674.86,316962.73,211.751
2019-11-01,321.0,915.0,713.0,2.25,0.0486570650058388,5.4,5564137.0,8386.40,1527.0,945.0,132.3183,65.0,1463036.0,3.6,266116.98,317660.54,212.788
2019-12-01,321.0,1004.0,700.0,2.25,0.123407256103492,5.5,5564137.0,,1451.0,935.0,132.3183,65.0,1466415.0,3.6,266684.05,318627.32,213.944
2020-01-01,326.0,970.0,690.0,2.25,-0.225259412625456,5.7,5292718.0,.,1507.0,972.0,133.6368,65.3,1494117.0,3.6,267750.9,318665.62,215.029
2020-02-01,329.0,1022.0,707.0,2.25,0.0511172776398423,5.6,5292718.0,,1442.0,984.0,133.6368,65.3,1501790.0,3.5,270836.12,321456.52,215.893
2020-03-01,333.0,876.0,621.0,0.25,-1.11366566917257,6.4,5292718.0,,1358.0,875.0,133.6368,65.3,1506335.0,4.4,273565.72,325404.52,216.455
2020-04-01,323.0,681.0,579.0,0.25,-3.78703538543864,6.7,5009931.0,7360.58,1066.0,666.0,135.4162,68.0,1460471.0,14.8,275737.87,330196.28,216.856
2020-05-01,311.0,749.0,709.0,0.25,1.07016826062497,5.3,5009931.0,8604.95,1260.0,746.0,135.4162,68.0,1452086.0,13.2,276554.83,331168.14,216.999
2020-06-01,300.0,897.0,896.0,0.25,1.13979936495085,4.0,5009931.0,9552.05,1338.0,861.0,135.4162,68.0,1459188.0,11.0,279918.77,333372.15,217.57
2020-07-01,290.0,997.0,983.0,0.25,0.134459036898061,3.5,5411028.0,10154.63,1546.0,1011.0,138.2958,67.3,1470971.0,10.2,283359.61,335771.64,219.28
2020-08-01,284.0,1048.0,1022.0,0.25,0.382849826687069,3.3,5411028.0,,1529.0,1067.0,138.2958,67.3,1489640.0,8.4,287088.78,339121.26,222.265
2020-09-01,284.0,1111.0,979.0,0.25,-0.29739684435817,3.5,5411028.0,11939.67,1624.0,1142.0,138.2958,67.3,1510182.0,7.8,290654.57,342855.81,225.742
2020-10-01,282.0,1187.0,1031.0,0.25,0.423088923556942,3.3,5609276.0,11326.51,1613.0,1149.0,143.1529,65.7,1534900.0,6.8,293797.45,346419.4,229.685
2020-11-01,288.0,1179.0,877.0,0.25,-0.193875521972559,3.9,5609276.0,,1714.0,1160.0,143.1529,65.7,1550976.0,6.7,295892.71,349103.12,233.248
2020-12-01,297.0,1286.0,878.0,0.25,0.107087712307616,4.1,5609276.0,12355.11,1744.0,1235.0,143.1529,65.7,1572760.0,6.7,297978.36,351233.15,236.555
